"Reference","Qty","Value","DNP","Exclude from BOM","Exclude from Board","Footprint","Datasheet"
"ANT1","1","Antenna","","","","433.92MHz_Meander_Antenna:433.92MHz_Helical_Antenna(RMR_5R)","~"
"BT501","1","Battery_Cell","","","","BAT_HLD_001:BATHLD001","~"
"C101,C202,C502","3","0.1uF","","","","Capacitor_SMD:C_0603_1608Metric","~"
"C102","1","10uF","","","","Capacitor_SMD:C_0805_2012Metric","~"
"C103","1","100pF","","","","Capacitor_SMD:C_0603_1608Metric","~"
"C104","1","12pF","","","","Capacitor_SMD:C_0603_1608Metric","~"
"C105","1","4.7pF","","","","Capacitor_SMD:C_0603_1608Metric","~"
"C106,C107","2","18pF","","","","Capacitor_SMD:C_0603_1608Metric","~"
"C201","1","4.7uF","","","","Capacitor_SMD:C_0603_1608Metric","~"
"C501","1","10uF","","","","Capacitor_SMD:C_0603_1608Metric","~"
"D301","1","LED Green","","","","LED_SMD:LED_0603_1608Metric","~"
"D302","1","LED Red","","","","LED_SMD:LED_0603_1608Metric","~"
"J401","1","Conn_01x03_Socket","","","","Connector_PinHeader_2.54mm:PinHeader_1x03_P2.54mm_Vertical","~"
"L101","1","820nH","","","","Inductor_SMD:L_0805_2012Metric","~"
"L102","1","68nH","","","","Inductor_SMD:L_0603_1608Metric","~"
"R101","1","0R","","","","Resistor_SMD:R_0603_1608Metric","~"
"R102","1","100kR","","","","Resistor_SMD:R_0603_1608Metric","~"
"R301,R302","2","2.2kR","","","","Resistor_SMD:R_0603_1608Metric","~"
"U101","1","SYN115","","","","Package_TO_SOT_SMD:SOT-23-6","https://datasheet.lcsc.com/lcsc/2205181716_Synoxo-F115_C3010244.pdf"
"U201","1","CH32V003J4M6","","","","Package_SO:JEITA_SOIC-8_3.9x4.9mm_P1.27mm","https://www.wch-ic.com/products/CH32V003.html"
"Y101","1","HC-49S SMD mini","","","","Crystal_HC49S_SMD_Mini:Crystal_HC49S_SMD_Mini","~"
